Node,C92ICY6VWN,CBDWGRJVVL,CAKIJ91SJ7,C9EQAVY4YU
0,44.738722435,66.410966062,58.3194880486,50.2642208057
900,45.0114346816,66.522971537,58.4899385414,50.2817895566
1800,45.0857672871,66.6950148692,58.9205414788,50.4697589893
2700,45.1644289554,67.0332841502,58.6611396226,50.6099976307
3600,46.068121508,67.1118574118,59.7743312682,50.8313570611
4500,45.7737274909,67.6596370883,59.1394862453,51.1753026065
5400,45.6016925808,67.0279874347,59.4653552079,51.1711120213
6300,45.8426734973,67.4099511573,59.3616405261,51.1437783567
7200,46.2701054484,67.3347618052,59.6517117299,51.4315149293
8100,46.0057667963,67.4360173784,59.7352489186,51.226700603
9000,46.3261642393,67.4048132119,59.6775337868,51.4649307259
9900,45.6759888494,67.5342952723,59.9110695993,50.9774542939
10800,46.0207549443,67.4694258221,59.7464825335,51.4329438417
11700,45.9610257635,67.4792523093,59.5228299635,51.5633740812
12600,46.1774841454,67.5688600014,59.8217646549,51.3614233881
13500,45.8307169035,67.2526913941,59.7629711051,51.4256135013
14400,45.9535925181,67.465130224,59.5547396999,51.4084134845
15300,46.1466960681,67.2816211504,59.4199120689,51.459149699
16200,46.1153471565,67.2886989231,59.3320435762,51.5102758944
17100,46.006913458,67.3235094446,59.3091599725,51.4256660868
18000,45.8121460842,67.4129666424,59.1658090715,51.3242712765
18900,45.4267618073,67.3360253429,59.5418233641,51.0373276991
19800,44.9146289518,67.0654726509,59.3506833132,51.3522416283
20700,44.4292492279,67.0539946391,59.6584778088,51.277168157
21600,43.5001785792,66.8224575774,59.0746138461,51.1822515617
22500,43.3308377139,66.9023547109,59.1320931633,50.5353057929
23400,42.0040991963,65.4676273803,58.6126602592,50.5778227837
24300,41.201429381,65.750744373,57.9130891303,49.9966495703
25200,39.5655851824,64.704036015,57.7157143581,49.3213182975
26100,39.1374186874,64.4449936221,57.7183300463,49.0894451242
27000,38.7866181813,64.3178910229,57.3973292238,48.1708223451
27900,38.2746479448,63.3333212601,56.1291534245,47.7268187504
28800,37.5705275434,62.7545062082,55.8243140085,47.4966808176
29700,37.7576640886,62.4892674237,55.4680961934,47.8625517862
30600,37.3026271584,62.6617032655,55.6600511828,47.2501323491
31500,37.1649671186,62.1743817417,54.8187897236,46.4408344992
32400,36.8092113134,62.093175959,54.5715881671,46.6581876659
33300,36.7621995826,62.0385715094,54.9775066267,46.5687965444
34200,36.9281032668,61.8421154284,54.4663194405,46.0797677104
35100,36.7177589713,61.5151150997,54.0544513244,46.1939240637
36000,36.4992320365,60.662089066,53.9427566066,45.8948147025
36900,36.5651498861,61.3416064053,53.8820311209,45.7100931234
37800,35.9220143479,61.2286807337,53.8337442389,45.3970201711
38700,36.355798169,60.9514001114,54.0155646014,45.9589141675
39600,36.0773815852,60.8285446233,53.7019265243,45.7581025091
40500,36.0103748937,60.9271659582,54.0778136229,45.4826591787
41400,36.1959539891,61.0177658518,53.8220012625,45.5102536192
42300,35.9475457046,60.876407398,54.0595855924,46.0335174587
43200,35.8390508844,60.5046749557,53.6614075954,44.8458783068
44100,36.3139947005,61.2314367009,54.0923486295,45.6867794374
45000,36.3337225577,61.1382886628,54.1178080925,45.5793584513
45900,36.4983511452,61.4954028914,54.4445435569,45.7945928916
46800,36.4894129437,61.1721159643,54.2613696589,45.8421378559
47700,36.3560624063,61.3851725687,54.523194373,45.9592956965
48600,36.6354652749,61.0953452175,54.7439618015,45.8814218932
49500,37.0595894974,61.3754263705,54.6719608458,46.3430609806
50400,37.053015813,61.4567275539,54.538901512,46.0838940892
51300,37.3116249489,61.7768819618,55.1635231291,46.8202516813
52200,37.1776691039,62.1416057714,54.5522858988,46.7654016831
53100,37.3478991557,61.7861592483,54.7438788421,46.4687687154
54000,37.7153241346,61.9827394687,55.0672352257,46.5442770533
54900,37.5519524366,62.076539919,55.0027140965,46.571731346
55800,37.8743057742,62.3025529145,55.0745764919,47.1294160621
56700,37.5802684652,62.0339124679,55.1711940225,46.9916659051
57600,37.9380715417,62.2807586823,55.1989977679,47.5220030388
58500,38.2630884337,62.8567964317,55.8807848731,47.134340311
59400,37.7464793918,62.2912686926,55.6128967008,47.4559150243
60300,38.2012715005,62.9895141408,56.1947350096,47.6860512412
61200,37.7690439818,62.5982124102,55.6423179131,47.422906173
62100,38.2219006594,62.8400768768,56.1176704207,47.3801933403
63000,38.4018846112,63.1754206695,55.8610828706,47.6555058568
63900,38.3182115992,63.0205345381,55.7680451266,47.4408283691
64800,38.3204014911,62.8973213576,56.0134303716,47.9771966709
65700,37.8894905704,62.9284748782,55.5638329395,47.568408327
66600,37.6964571383,62.463732813,55.7131663697,47.2268893718
67500,37.9203817561,62.687455199,55.7267696698,47.3337922747
68400,38.3119209389,62.9231130691,56.021204766,47.7446025695
69300,38.5318414587,63.5253514541,55.800299548,47.7796147975
70200,38.2813528824,63.0543271366,56.4738701332,47.7567046278
71100,38.830913413,63.1123132189,56.7520596354,48.476036313
72000,38.3811316464,63.1811427201,56.4364432927,48.1455046522
72900,38.7644662895,63.4186330577,56.380392935,48.1413457133
73800,38.8212957688,63.2942744188,56.2295660756,47.7186766102
74700,38.7700650406,63.6442478968,56.3695273714,48.2333642045
75600,38.4597341513,63.2042131922,56.289973708,47.8925709814
76500,39.5787837305,64.1153234524,56.7018443387,48.4950187484
77400,40.0411506858,63.9633901037,56.9465205063,48.5956752863
78300,40.9599543092,64.110617989,57.1412209487,49.0625840338
79200,41.3332848907,64.7423243145,57.1151171533,48.595557525
80100,41.9437987131,64.6038497886,57.09239455,49.0948531709
81000,41.7257271859,64.7641538023,57.2452968436,49.209503097
81900,42.7361738774,64.8780270393,57.232566319,49.1327901024
82800,42.7805715109,65.579404847,57.7164286822,49.3658579384
83700,43.3361204593,65.8644096347,57.4267463359,49.353441238
84600,43.7261508269,65.6171859311,58.1343587286,49.7936063589
85500,43.7564021401,66.1898159421,58.1108744187,49.5098165998
86400,43.8829326352,65.9005979573,57.997890621,50.2072962861
87300,44.1464958809,66.0705152915,58.2373590068,50.7893864431
88200,44.5664470873,66.7960041729,58.7486492819,50.4642879698
89100,44.4922207557,66.4194354055,59.1104391656,50.760526051
90000,44.5300533351,66.9653593458,58.8659633139,50.7940104769
90900,44.8761359798,67.1178695977,59.2143982934,51.0905528991
91800,44.8820452063,67.0422047208,59.2645672601,51.0008223724
92700,45.0298606619,67.1284754022,58.7519705144,51.0758766004
93600,45.2609847268,66.9852771769,59.4580348454,51.3755313643
94500,45.1074265117,67.3718922165,59.5228909996,51.6994497699
95400,45.6925553522,68.0133273703,59.6345436019,51.8125999744
96300,45.3458575203,67.604364207,59.57178214,51.7138360286
97200,45.4215457524,67.7512815118,59.6274926611,51.5407088963
98100,45.7370003647,67.7796234234,59.8077310735,51.7434391999
99000,45.6290016547,67.5810496749,59.9928637657,51.6278958299
99900,45.6796628599,67.7661085384,59.7592274509,51.4503816625
100800,45.6523473526,67.8588479404,59.8865991456,51.4029375623
101700,45.454712505,67.7185835041,59.9540352793,51.5874541055
102600,45.225394066,67.2074064286,60.0877337888,51.8383086226
103500,45.1615867531,67.8829274496,59.6008909902,51.35267691
104400,45.3320535197,67.4279670701,59.874423172,51.5814076403
105300,45.9750357435,67.5556386793,59.5834313418,51.3499509322
106200,45.1559983339,67.5814480045,59.4382850914,51.2965956689
107100,44.3338874477,67.4452507983,59.6801155671,51.2741291269
108000,43.9620813602,67.3137771737,59.2960309985,51.2327109591
108900,43.1713898451,66.9695124055,59.3409897074,50.8462104657
109800,42.3919506387,66.3090135867,59.1654967781,50.8814754637
110700,41.3235649109,65.8196142125,58.6743981668,50.5675425987
111600,40.7383611548,65.3984168135,58.0875824078,49.9760577541
112500,38.6631600419,64.7195970871,57.3743160432,49.51817539
113400,38.8892641362,64.535196109,57.3035437798,49.1072609865
114300,38.1681843678,63.8800381605,56.5915864347,48.2327202919
115200,37.4688949929,63.5226454245,56.3161111961,47.9879595524
116100,37.8335164879,63.1749931005,55.977438502,47.8615962595
117000,37.316067777,62.7383544385,55.805648664,47.8918934653
117900,37.2245024831,62.6627318203,55.5008419285,47.27440444
118800,36.9478316182,62.1074857297,55.1168870418,46.9761328915
119700,36.8088600648,62.0363476041,55.0914042757,46.9996033553
120600,36.9570807243,62.2783360091,55.2931709686,46.8200090046
121500,36.7662792362,61.7391042903,54.7814741312,46.48228919
122400,36.6066054944,61.8416268913,54.0650102918,46.0363962755
123300,36.7751112412,61.6573583051,55.0094576936,45.8627365359
124200,36.3876319154,61.6128256016,54.1581409023,46.100021399
125100,36.682262388,61.516217742,54.4750871793,45.6863838595
126000,36.5325126717,61.2417229224,54.5686599078,46.019735525
126900,36.3724590175,61.8580132707,54.3708530399,46.1386155009
127800,36.8724624736,61.8613526961,54.4756351049,46.4594748116
128700,36.9220041709,61.4556510069,54.960467432,46.3356854223
129600,36.489714852,61.3994193642,54.6767605242,46.1147615594
130500,36.7232868742,61.5106186918,54.6819175094,46.307293405
131400,37.2206776004,62.1135075655,54.5407062527,46.4783085716
132300,37.1665543969,62.0912733372,54.9636909821,46.9824047747
133200,36.6141076862,61.393121096,54.4202882292,46.2654067582
134100,37.030576276,62.1741684813,55.243898625,46.76545001
135000,37.0666974184,62.1245667301,54.7924031186,46.6630134657
135900,37.3607046751,62.2202313635,55.2165992824,46.9449264019
136800,37.6538295231,62.5130624524,55.4015499879,47.3035642998
137700,38.2272107541,62.6974950008,55.4424322568,47.0471969719
138600,38.2302244674,62.9525361185,55.4994761775,47.1842702647
139500,37.723881731,62.3205801495,55.5578531977,46.8264706008
140400,37.989629327,62.7147964463,55.1161492965,47.4616266618
141300,37.9856373501,62.9192161719,55.5514675984,47.324495741
142200,38.0696367565,62.5158080826,55.4575808702,47.2595023496
143100,37.919969929,62.2984002644,55.4625174629,47.2231973512
144000,38.1426107228,63.1840543549,55.8902653489,47.839258138
144900,38.2637183127,63.2221658512,55.9445462469,47.7641972755
145800,38.1533321964,63.3077815269,55.7837727126,47.6834116811
146700,38.6055906749,63.2233403457,55.8988298365,47.985921581
147600,38.7528452533,63.0837270283,56.1169011624,47.6682195357
148500,38.6132549466,63.4070718847,56.7244734131,48.030405667
149400,39.0739529634,63.4028443445,56.3728678403,48.3678843114
150300,39.2171664077,63.565905093,56.5030466639,48.1511492518
151200,38.9986837964,63.4615548416,56.519182138,48.1881632389
152100,38.7942547662,63.5929257132,56.4843796462,47.6718468296
153000,38.5769118201,63.3305335456,55.9609538848,47.7777479406
153900,38.470646078,63.446796085,56.5002586503,47.6372121446
154800,38.5703152797,63.517026811,56.0586774405,47.5430056653
155700,38.7543041167,63.5678418985,56.3640952452,47.9749230819
156600,38.8455546339,63.5501907791,56.4191871532,48.0987255672
157500,39.0037027214,64.2479952076,56.809873665,48.5464841404
158400,39.1637126613,63.5805373853,56.5876618025,48.1779276003
159300,39.4739403871,64.2034042723,57.0879043928,48.6368614568
160200,39.4856950981,64.5085113028,56.5244775521,48.4861071822
161100,39.2087954491,63.9781939377,56.7831487614,48.6891244227
162000,39.3729198287,64.0572400236,56.3604144715,48.8459152077
162900,39.9027673709,64.2641887235,57.2127624331,49.2731778291
163800,40.9300079953,64.6193558001,57.4664221101,48.9489956897
164700,41.6794507748,65.2952379207,57.8619915836,49.4694838928
165600,41.7822443676,64.9435825336,57.4097347964,48.8301952391
166500,42.5906125089,65.219632076,57.5550309589,49.5438229121
167400,42.9036494327,65.4982477699,57.9488467373,49.5665595464
168300,42.9723340639,65.4958414638,57.7594270968,49.5977680521
169200,43.9517347239,65.9666648847,57.9761576561,50.0596341149
170100,44.7163852313,65.8116440668,57.8403334083,50.1058830669
171000,44.4154751771,66.0929288046,58.7084214454,50.1334211791
171900,44.6229198147,66.2751642708,58.7004806856,50.3349693521
172800,45.3101582314,66.8925830578,58.6978597271,50.5004431428
173700,44.9804650262,66.5954745033,58.9424709164,51.0073712909
174600,44.8378040744,66.7592788139,59.1305402032,50.8094830123
175500,45.8138600461,67.1030364177,59.3389546582,51.2646444226
176400,45.5935756814,67.7793293813,59.6343826798,51.4517159355
177300,45.9314765427,67.6445580885,59.4502297626,51.3414576596
178200,45.7190500342,67.3379311303,59.5938394461,51.6996271181
179100,45.6026019087,67.7815034167,59.9244493496,51.4006526045
180000,46.3667445566,67.9833940649,59.6687255042,52.1641343996
180900,46.1174680688,67.8068621107,60.0609171105,51.7152759181
181800,46.1569545755,67.9118212028,59.7777086614,51.7088442976
182700,46.5309872195,68.1547560951,60.0482372105,51.9995818217
183600,46.5387909627,68.5127702646,60.4775828033,51.9085263312
184500,46.5231775145,68.1812382119,60.1110966215,52.0723665315
185400,46.5961189244,68.4499682702,59.9776744151,51.8566552563
186300,46.8174763971,68.2108459118,60.4200334545,52.0556481862
187200,46.7650708323,68.3956211393,60.2338841233,52.4771291508
188100,46.4020719378,68.2350126925,60.0620994005,51.8405541625
189000,46.5926398026,68.1549558976,60.684460989,52.5038500751
189900,46.347500206,68.5157145269,60.1914710271,52.2070562738
190800,46.4556061543,68.2403969321,60.4247884114,52.1194194006
191700,46.1549168594,68.3508923333,60.4964546187,52.349072734
192600,46.0973020683,68.5891983376,60.1648366195,52.0888966787
193500,46.0186556003,68.3282313149,59.9294803641,52.1885968558
194400,45.0540882818,67.8505875204,59.8443144333,51.5536105258
195300,44.5006922028,67.7757024573,60.2831935381,51.3381397823
196200,43.7343404312,66.9723356165,59.1971237992,51.3678300653
197100,43.4943515019,66.717722947,58.9896369151,50.7727679357
198000,42.1295433856,66.0499406746,58.5223540396,50.4769332409
198900,40.847659181,65.6311991543,58.2040468877,49.8720433176
199800,39.5593668498,64.6903312575,57.5185727054,49.1695149425
200700,39.0465811754,64.0235116898,56.8739086433,48.5010060107
201600,38.8834240899,64.0900892807,56.9548462552,48.7841067001
202500,38.1718655068,63.5842065669,56.1935251688,48.1116654649
203400,38.6153816517,63.3041050663,56.472055102,48.1062751907
204300,37.9775939861,62.8862047183,55.8518651191,47.7959185404
205200,38.1178333066,63.1173326661,55.9122234895,47.7401258266
206100,37.7425414488,62.4103820517,55.8132691907,47.249474057
207000,38.0397882067,62.4482391123,55.7442027822,47.1383638523
207900,37.5681328231,62.6520454268,55.5174348495,46.769806563
208800,37.3803277019,62.1652419313,55.2547836601,46.6000538366
209700,37.9785909555,61.997466528,55.218278372,46.9355405156
210600,37.4420464638,61.9603247527,55.0352960818,46.6399752368
211500,37.1214192855,62.1341391355,55.3085040609,46.7271207609
212400,37.081498101,62.1989278545,54.6089983767,46.6434173347
213300,37.0100620818,62.565100447,54.5633455289,46.5472146964
214200,36.9948095241,61.6657027061,55.1589893229,46.7512430466
215100,37.5584730712,62.1668080935,54.8839044816,47.0677868321
216000,36.9109313227,61.9354940777,54.6777672709,46.3917767091
216900,37.3038767363,61.854089597,54.7776255046,46.5882472659
217800,37.6311029094,62.8869316175,55.061307363,47.0502365574
218700,37.8791874605,62.3930041047,55.4598984515,47.618500188
219600,37.5284171888,62.1994854111,55.0953777604,46.4309249715
220500,37.9039333401,62.6297842742,55.463615754,47.2137891627
221400,37.7155566667,62.5034805419,55.595674824,46.8210450342
222300,38.2071643251,62.7809126348,55.7556175773,46.9857138918
223200,38.1897806936,62.5370980037,55.6196271962,47.2326955075
224100,38.6862773864,62.8013668789,55.644262637,47.6455416735
225000,38.8876614268,63.1358063463,56.1357336668,47.7539522594
225900,38.9467780431,63.7945600539,56.1001167134,47.684383852
226800,39.4706335271,63.1296263686,56.380392797,48.0399044466
227700,39.3835117372,63.2490604175,55.8247928145,47.8942035269
228600,39.1661506259,63.5359690044,56.3162697138,48.1658657057
229500,38.70663231,63.2040162809,56.1501623735,48.0491287636
230400,39.3390575016,63.339902456,56.5247208713,48.1012086356
231300,39.3960896767,63.5759650636,56.5923890835,48.565963546
232200,39.1111960292,63.0054079857,56.2214107204,47.864633695
233100,39.1682808082,63.9548286785,56.4918598354,48.2149614494
234000,39.2320328946,63.3375434,56.2914317024,48.0516025036
234900,39.5739157828,64.2974681973,57.0176457549,48.5434211355
235800,39.1873052913,64.0710282533,56.639517294,48.6446883141
236700,39.532897576,63.6972980521,56.4649296879,48.9602499944
237600,39.5944957099,63.981060066,56.9322180716,48.9352301443
238500,39.6810861673,63.9423414661,56.812394718,48.6058660299
239400,38.9765196678,63.4953755574,56.6782067176,48.2861610826
240300,39.3319073571,64.1344080027,56.9283668661,48.6411806851
241200,39.6327833348,63.8882765296,56.8719174012,48.8342140471
242100,39.4535213112,64.0298104094,57.2952303161,48.7765661547
243000,39.5787190081,64.1369279822,56.9814256402,48.3322604537
243900,40.1295413415,64.0159321266,57.044516948,49.2328662583
244800,39.7532820542,64.3994099353,56.8372220309,49.1549394815
245700,39.7071575738,64.3706065504,57.2768274166,49.0478923806
246600,40.1455763761,64.412975184,57.2349275076,48.8367020827
247500,39.6476403693,64.3263021262,57.4107768778,49.0768029546
248400,40.1298707991,64.3152582817,56.8579544376,49.1434539371
249300,39.9218584867,64.5814993621,57.5374843233,49.1648972911
250200,40.0987028044,64.8119292907,57.6025717128,48.9889294768
251100,41.2776400518,65.2799052159,58.0722513807,49.9777684301
252000,41.5207432064,65.294642651,57.912450949,49.6000918392
252900,41.924280598,65.9078265259,58.221827967,49.4689969215
253800,42.9993261514,66.0172880117,58.2290508305,49.8119063936
254700,43.0714842003,66.3403927306,58.1637910095,50.0279819458
255600,43.481997266,66.2109812792,58.2132019375,50.4614141635
256500,44.3830664146,66.2626026767,58.5252318069,50.315664274
257400,44.3991273088,66.3656236166,58.536291474,50.4375927238
258300,44.4704364502,66.5596524077,58.7258777398,50.6474551366
259200,44.218056648,66.6044515034,59.1235964988,50.657010708
260100,44.791932712,66.8341209885,59.4403994747,51.2686389243
261000,45.3808938535,67.3727380993,59.5281452688,51.1051131582
261900,45.0868410531,67.3079863234,59.6601877228,50.9123003943
262800,45.6486167064,67.8477620581,59.601584106,51.6872990979
263700,45.560956829,67.5592028868,59.6301435664,51.5524645136
264600,45.8796282723,67.8112254501,59.6910372343,51.5527218493
265500,45.9706467699,67.7592504375,60.0626049768,51.7418357325
266400,46.2386814717,67.9038333601,59.7651708957,51.5493596747
267300,46.1963527511,67.878348278,59.9453238654,51.3105647139
268200,45.8623901518,67.6949442167,60.0762818763,51.835070536
269100,46.0340147024,68.3492901429,60.2592602159,51.7946175788
270000,46.0675561669,67.8953833631,60.1286759319,51.6865688164
270900,46.1144360775,68.3227495074,60.1986862505,51.938044069
271800,45.6071033096,67.8227812214,60.1298596145,51.9192961497
272700,46.230369899,68.4915644032,60.0019681275,52.0082455595
273600,46.1264158715,68.2765343558,60.0472816333,51.9260280196
274500,45.7704695976,68.0725681971,59.7798172761,51.6998402393
275400,46.2490264901,67.6767226323,60.1940590179,51.7772859635
276300,46.181945487,68.2417073114,60.1574691808,51.6483161722
277200,46.230697785,67.9460182751,59.9230883877,52.1725928978
278100,45.6149010369,67.7533238153,60.2536852409,51.7705056104
279000,45.6382192891,67.9383182454,60.0840567438,51.5677129239
279900,45.8400633548,67.8623653379,59.9986483747,51.7535592067
280800,45.3186406113,67.4811104224,59.8903815875,51.419803106
281700,44.5196318832,67.334311931,59.5793342327,51.3151716934
282600,44.1688201254,67.121464137,59.7420255545,50.953767559
283500,43.1344658488,66.9309098897,59.1424154654,50.3447859175
284400,42.2460906759,66.0746762546,58.3833816464,50.4679206111
285300,40.9273478601,65.6297492892,57.9720997478,49.7117037122
286200,40.0930346381,65.0717992527,57.4821830153,49.9348353868
287100,38.2401483428,63.3725194049,56.6310159149,48.4220270969
288000,38.2583697078,63.6341528202,56.1983678578,48.3568851566
288900,38.2541951893,63.7322134927,56.3764242858,48.3497109066
289800,37.8186549647,63.0051838739,56.363365652,47.9592944263
290700,37.8212729252,62.9823594693,55.6801376827,47.6409477071
291600,37.9105746258,62.6300361244,55.7803701671,47.7356532116
292500,37.3313847189,62.9325862216,55.8624757301,47.1240654896
293400,37.0476571286,62.3300435744,55.2843881309,46.6533757507
294300,36.967999743,61.7423622503,54.7651307393,46.6430606134
295200,36.5342101938,61.7940991888,54.928904749,46.5338015421
296100,37.0385358656,62.0583444627,55.2733970692,46.6044656725
297000,36.9206324599,62.2547904782,54.5115158559,46.6627038869
297900,37.0531656414,61.7421669382,54.7035143768,46.3209667223
298800,36.7677490744,61.3601074789,54.9429130226,46.1103081863
299700,37.0559686322,61.5446586103,54.971606087,46.4851331168
300600,37.1517877322,62.087408327,55.0008107131,46.7169953335
301500,36.8331452358,61.9681983618,55.0783950629,46.5973996603
302400,36.5475382428,61.965296073,54.6849473521,46.2616615766
303300,37.591891764,61.9259610086,54.8662522089,46.5647811782
304200,37.201575266,62.142209069,54.9572749329,46.4680198799
305100,37.4723595484,62.5031381139,55.5707981257,47.2062201997
306000,37.0573881393,61.8911139463,54.7418620944,46.4451539038
306900,37.1672638754,62.197965453,55.149133768,46.6639198253
307800,37.4879967272,62.1258889627,54.8418242099,46.7916054299
308700,37.329166981,62.0856087594,55.0242209079,46.743881393
309600,37.2363703377,62.5185049655,55.0162275136,47.0381583684
310500,37.5783683815,62.6256855554,55.7554584282,47.0374864333
311400,37.9341179832,62.4834971875,55.6722487794,46.979362756
312300,38.4832740836,62.7312251167,55.4845130186,47.1442969198
313200,38.5143873568,63.2239673542,55.7674675894,47.242066533
314100,38.1533422432,63.1180683622,55.7647558223,47.4138010287
315000,38.0607414969,62.6602187166,55.744683632,47.0775343201
315900,38.0010828434,62.3933988351,55.3118416832,47.0832086123
316800,37.9189255204,62.4448518752,55.6915869783,46.6693361024
317700,38.4757371483,62.5585269384,55.3016231566,47.3296226108
318600,38.2413788384,62.5366722895,55.4133847954,47.3180575314
319500,37.9155788244,62.6823453254,55.7004669023,47.4257129832
320400,38.2144473268,62.9722945017,55.2232135211,47.2024269641
321300,38.5880063373,63.0077856419,55.6479194801,47.5973415484
322200,38.5374955522,63.3001139047,56.0845213649,47.9264255426
323100,38.2305029912,63.7500858956,56.0212363643,47.6459293758
324000,38.717686907,63.6106641364,55.8248941952,47.8716335477
324900,38.7689745594,63.3365991454,56.0982315658,47.9923664426
325800,38.3423836514,62.9211667689,55.4904778972,47.3630473712
326700,38.2232482164,63.1214935345,55.9515398681,47.6690669602
327600,38.3605957151,63.1990595441,56.056294115,47.6138628921
328500,38.6541270718,63.2271976362,56.4125641978,47.9563172353
329400,38.2352579697,63.1604936358,55.9708297504,47.6507635946
330300,38.5962131235,64.0642053203,56.3171204149,48.0178871614
331200,38.7027201381,63.580518508,56.4997234297,48.146271068
332100,39.0300593205,63.6943687575,56.5811688658,48.2194013916
333000,38.7982682014,63.4919453018,56.6564553784,47.7893704597
333900,38.8303452314,63.6886998508,56.7171324289,48.4983493431
334800,38.7906541189,63.7830549088,56.5741931511,48.3922012452
335700,39.3140633308,63.8921287544,56.6733326104,48.4828612906
336600,39.5707061361,64.2365426586,57.1614503887,49.0516541633
337500,39.8718020913,64.6915262414,57.2451309323,48.6337748833
338400,40.5403706479,64.7597510424,57.1273267245,49.1142226724
339300,41.0087030654,64.6430759684,57.3093092515,48.8298158245
340200,41.4369822189,65.163494646,57.147847035,49.2453651361
341100,41.9787153934,65.0858712593,57.1811460633,49.0564211063
342000,42.3175834335,65.0992179712,57.1646177542,49.5676334004
342900,43.1700650612,65.5804469416,57.616067427,49.6220105411
343800,44.0233508684,66.0111279376,58.1438694767,49.887768066
344700,44.0458903953,66.1702726981,57.6541551245,49.9514409467
345600,44.2341647464,66.2749483747,58.4240506252,49.9719946438
346500,44.5923217901,66.6760089536,58.7246971058,50.3961854856
347400,44.7539359286,66.7874658043,59.2064298935,50.6514972139
348300,44.8754065373,67.1050145177,59.0839586846,50.5939429507
349200,44.987679323,67.0355781782,58.9826465448,50.8723560092
350100,45.1825922628,67.06032959,58.9570123313,51.2321738274
351000,45.2659452068,67.2720693877,58.9394741892,50.8615154011
351900,44.9340770046,66.9199027009,59.0096485333,51.0791625162
352800,45.432244556,67.3541032064,59.6697277088,50.9960795407
353700,45.4259591725,67.4738087848,59.5586590043,50.8530195516
354600,45.7122387745,67.8831085194,59.4831580495,51.4210221923
355500,45.6609996171,67.4492629192,59.3381092311,51.1206617482
356400,45.6809903841,67.6914305808,59.5434426386,51.0819976235
357300,46.1654977806,67.545924777,59.4574487245,51.5676445046
358200,45.9351397845,67.5019279271,59.4992062656,51.2462800069
359100,45.9265689131,67.3182166569,59.240115191,51.2101821111
360000,46.0994935336,67.5230578801,59.9000571458,51.6317590935
360900,46.2027959174,67.7542621897,59.7096468871,51.6054426955
361800,46.0739700389,67.9315098544,59.7413310224,51.1840650026
362700,46.1124733051,67.5766529713,59.614059069,51.867534657
363600,46.0570511227,67.6635043671,59.5186579131,51.8588235123
364500,45.8451328786,67.4175796524,59.5242286992,51.0129087625
365400,46.4297351324,67.4647634433,59.6282958915,51.5544005705
366300,45.8429326721,67.2946665155,59.3630350242,51.1132057975
367200,45.618089003,67.621317486,59.4121314705,51.3175587338
368100,45.0462061233,67.2151072737,59.2278196409,50.8346377133
369000,44.0598571918,66.5794226998,58.8173002596,50.3513034144
369900,43.698327737,66.2237110987,58.6460297909,50.570256972
370800,43.0335491434,65.7498480832,58.0606934797,49.9069584411
371700,41.6079107259,64.8049019508,57.886974117,49.4263054218
372600,40.8936565623,64.5717036594,57.2466207754,48.8091133453
373500,39.342063622,64.0646695391,56.3713919375,48.1651693509
374400,38.1548392056,62.7859952607,55.5734267444,46.9879034054
375300,37.6541314835,62.8891259341,56.0023061716,47.6107034835
376200,37.6502741814,62.9290417628,55.5078643268,47.3742101178
377100,37.5858585296,62.327211115,55.1963347322,46.5168488632
378000,37.2189657857,62.5051487229,55.0996013325,46.7326283888
378900,37.004948303,61.8436140434,55.1567543639,46.7803531199
379800,36.6587886591,61.9650889651,54.9736540672,45.9216902636
380700,36.8144057212,61.5791590572,54.1796257775,45.8725142595
381600,36.2654950484,61.0832798577,54.0310924094,45.7217338233
382500,36.765162672,61.2575623603,54.1831836832,45.9947261112
383400,36.4676696586,61.0818282854,53.8891432863,45.6829640103
384300,36.9278758666,61.3963697835,53.9495409991,46.0324134623
385200,36.4710935114,60.5705314554,54.0651694336,45.8156075714
386100,36.4259517331,60.7340926808,54.153692962,45.4207997497
387000,36.8101182084,61.373297381,54.1291790307,46.0747030526
387900,37.1550892733,61.3729174248,54.2060720374,45.4842074227
388800,36.4464623055,60.819893896,53.4978925702,45.3619902011
389700,37.0422834844,61.3889887169,54.0740368655,45.8034680259
390600,36.9975148636,61.4436201146,54.0466133747,46.0074236898
391500,37.2637095936,61.9232777812,54.7221261114,46.0395077803
392400,37.1451339562,61.6590212439,54.1921275264,45.7036477651
393300,37.4467697015,61.9225917109,54.3908195169,46.2475624121
394200,37.3308244547,62.1007836476,54.3549983174,45.8265041075
395100,37.5781229632,61.6732949136,54.586705351,46.267239865
396000,37.789583206,62.2613605496,55.1323672385,46.5272235817
396900,38.3862371431,62.09753875,54.596674366,46.7194148552
397800,38.2336853634,62.6031400108,55.493520272,46.5969852246
398700,37.933672949,62.6097422956,55.1045147011,47.0555732572
399600,38.7311005713,62.9882019865,55.2010363508,46.9069144958
400500,38.7028397453,62.4615806848,55.1518777874,47.0662790699
401400,39.0973153987,62.6649314918,55.6440293187,46.6751771147
402300,38.2082079686,62.4154503828,55.1642223649,46.7228228901
403200,38.712213588,63.0138249183,55.5466991838,47.4216753368
404100,38.563510979,63.3317870715,55.3314037272,47.1711648759
405000,38.4459390304,62.772542141,55.7859362819,47.1868973559
405900,38.8967026221,62.5665798001,55.8265003294,47.3766979919
406800,38.4155206595,63.0609652281,55.2850596444,46.8348643458
407700,38.6936664655,63.7405731878,55.4104649995,47.5921872785
408600,38.9292284084,63.4248918743,56.0858124951,47.3197805009
409500,38.8024101496,63.289066511,55.9935245668,47.7031749591
410400,39.1695392138,63.4147171347,56.1379585293,47.8592690419
411300,39.3455970354,63.2881182083,55.9287124396,47.6089385912
412200,38.7579761301,63.2768382831,55.7498790147,47.4531987972
413100,38.4633806411,63.5733069396,55.9889528226,47.8412508456
414000,38.7946064731,63.410503551,56.0695532704,47.8719482291
414900,38.8468786825,63.4887220098,56.2798715983,48.0441187296
415800,39.0595695938,63.6014519098,55.9315083757,48.0012124369
416700,39.665001441,64.0580306413,56.4066237495,48.3978358719
417600,39.1330721083,63.3345009433,56.2620365081,47.7910846633
418500,39.5402581989,63.8199189082,56.4573570965,48.2348407417
419400,39.7291533984,63.787833781,56.3125086861,48.1618871999
420300,39.7106268805,63.983570435,56.4212993027,47.9642766557
421200,39.768842357,63.9751820087,56.5785415088,48.2352608142
422100,40.0588621186,64.1506101834,56.7060766992,48.2696064745
423000,40.17982363,64.3046508945,57.0246180882,48.8410638241
423900,41.0508035824,64.4326608468,57.7828563756,49.1679652645
424800,40.3058327955,64.3437317109,56.7252260781,48.6902057945
425700,41.7959221871,64.7076475262,57.5667427663,49.3536724769
426600,41.8643415242,65.5586613125,57.5892064807,49.2728165938
427500,42.0659715668,65.6355777454,57.6286221303,49.4147638502
428400,43.1818508913,65.8085708143,57.7897644318,49.2146833222
429300,43.795681549,65.9111706379,57.9114963533,49.7441644408
430200,43.6104222052,65.8953641552,58.1421598506,49.5490416801
431100,44.804505237,66.6590896972,58.5257964306,50.0699606816
432000,45.1324303167,67.0169555476,58.7357787827,49.8709430298
432900,45.1099532752,67.0084447673,58.8515208058,50.7272876222
433800,45.5790761566,67.2845599821,59.2100210275,50.8009148532
434700,45.5506271872,67.1554601386,59.0812656455,51.1952433685
435600,46.1960833209,67.4801737825,59.1778884781,51.5084667464
436500,46.2411536159,67.6000039158,59.6308753241,51.1598040732
437400,46.0096094776,67.443690677,59.1410771427,51.3756605664
438300,46.0172487059,67.5207758151,59.4445596305,51.5458024828
439200,46.4582244671,67.9969647859,59.9685086138,51.4129653447
440100,46.5080211049,68.1798699751,59.7359085019,51.9453927223
441000,46.8129676858,67.9511667195,59.4994730734,51.9670392266
441900,46.5717072955,68.2816633083,59.7115628932,51.661040661
442800,46.5215294935,67.7626020413,59.8577936597,51.4637888544
443700,47.2419713036,68.2748989407,60.4995677959,52.0232788575
444600,46.7281575674,68.1753489815,59.9464804881,51.8208209071
445500,46.9543412848,68.4519414101,59.9173765604,51.8516842621
446400,46.7994004009,68.0926744615,59.974609784,52.1084504895
447300,46.9948764246,68.5128357155,60.2023422308,51.7641755275
448200,46.7576038204,68.1093567575,60.1692574812,51.7976900532
449100,46.8986173708,68.5795037161,60.4585395502,51.946595409
450000,46.9123701852,68.146193889,60.0032298416,52.0844881789
450900,47.3324786192,68.3026052289,60.3083799834,52.4035886255
451800,46.5352815084,68.5143772113,60.339232988,52.0213822991
452700,46.5835604615,68.1131154781,60.1425711088,52.2409413392
453600,46.5224748913,67.9794684706,60.187870372,52.1346921403
454500,46.5424577395,67.5064123594,59.7537550543,51.783078538
455400,45.8513471929,67.5383479027,59.4097863454,51.3239426106
456300,45.0936583635,67.3671242909,59.3576982995,51.1369637876
457200,44.2408928367,66.579320917,58.923495901,50.2818525724
458100,43.1646954915,65.9476903393,58.4413041017,50.1529504123
459000,42.4783859776,65.5636444012,58.1600101394,49.8389444288
459900,40.6349487617,64.4803418481,57.1581392157,48.6794589483
460800,39.9183062638,64.1638003307,56.6793286809,48.4913761958
461700,39.3063140672,63.4622498377,56.2980022442,48.1773054537
462600,38.9151658961,63.486353094,56.5158182434,48.2839179268
463500,38.7430349933,63.7040952419,56.2002282422,47.8708778908
464400,38.4814901644,63.3102266536,56.1186659638,47.7865280389
465300,38.4950130099,63.4412069425,55.6221535401,47.6584109093
466200,38.6812967541,63.0685822336,55.5901255532,47.3346052302
467100,38.7226259243,62.3818787697,55.2759427952,47.3227773574
468000,37.7413919931,62.3685934499,54.5685471829,46.901960565
468900,37.1000953347,62.3226618904,55.2209949557,46.9144364949
469800,38.1095507469,62.4462260792,55.0727426395,46.8927714077
470700,37.5992238118,62.5832267405,54.9049635627,46.6423884172
471600,38.0046684542,62.3729404863,54.826938137,46.6654702319
472500,37.862162175,61.9746077349,54.8850034414,46.2633077333
473400,37.715030841,62.0313559061,54.7336286631,46.5026998846
474300,38.0700795052,62.2619929284,55.3239953131,46.7802984775
475200,37.672172208,61.9437452161,54.4716059537,46.3921003052
476100,37.7920622035,61.9517211904,54.980980897,46.3585455571
477000,38.076991617,62.4690492947,54.8229422881,46.8625820337
477900,38.5197858475,62.7384504154,55.391314242,47.2264584366
478800,38.1499321506,62.4001712116,55.023026712,46.721962441
479700,38.3540228889,62.451055196,55.3055371432,46.6661440022
480600,38.8457785968,62.4608447604,55.1006804815,46.9168401689
481500,38.1183016938,62.2336593574,55.4548377683,46.6540650733
482400,38.2472913445,62.7951007123,55.489347676,47.2961888118
483300,38.7791763933,62.176524648,55.6618555177,46.9622415257
484200,39.3267608405,62.8880225453,55.3319140638,47.3901868159
485100,39.3169623352,62.981432516,55.9041048595,47.3531550788
486000,39.0608915167,62.8761536057,55.9176388192,47.4946855084
486900,39.2324268902,63.5671827602,55.9993624153,47.6682444213
487800,39.5070415506,63.1935340569,56.0371777747,47.7535101613
488700,39.2088073296,63.2379267526,55.6009434117,47.5401428491
489600,39.3353807362,63.2468596843,56.1744270721,47.9891263281
490500,39.7034011946,63.6035636616,56.3595619732,47.799379785
491400,38.9499618599,62.7325746898,55.8490896856,47.6461037784
492300,39.5976986275,63.4368551352,55.8888485124,47.9441818277
493200,38.8873039211,63.0491524261,55.8424529073,47.1937407445
494100,39.4938541133,63.4790123044,55.9624943093,47.8662092657
495000,39.2554209857,63.4964983763,56.1811815843,47.8572609405
495900,39.134532978,63.7529341238,55.9928701061,47.6333563258
496800,39.3494431271,63.6307683608,56.6463062776,48.0295310013
497700,39.0837783596,63.6585038692,56.2677465961,48.0511498893
498600,38.9508650743,63.4394204126,56.017062006,47.9490246578
499500,38.9506977809,63.3898579244,56.456422896,47.6724085736
500400,38.7227405041,63.1708509177,56.1140854862,47.890525772
501300,39.5616533187,63.5589231862,56.4499960649,47.9788648904
502200,39.4832738405,63.2731012409,55.8549354362,47.8692624442
503100,40.1328284654,63.9165254117,56.7799065415,48.6133356102
504000,39.6521228911,63.6933559606,56.5660197815,48.0924233105
504900,39.9742859976,64.4536289798,57.0159422199,48.4204160749
505800,40.0535425488,64.0380677059,56.5682674531,48.8016280734
506700,40.2758905444,64.5631119054,56.8343231465,48.6717170592
507600,40.087871532,63.7774187208,56.7965564555,48.5472017132
508500,40.7482005552,64.53046876,57.2220962917,48.9935410794
509400,40.6020606138,64.2867074601,57.24307458,48.7552262812
510300,40.4833916407,64.8592732711,57.7894525252,49.2367662151
511200,40.6505465936,64.6466964972,57.5725554017,49.0159195248
512100,40.4653731449,65.0090167446,57.2971579767,49.0916685155
513000,41.4453717393,65.2182670498,57.770956166,49.7393032692
513900,41.9236280761,64.9748848603,57.7457591425,49.3544481247
514800,41.9936155731,65.4099287862,57.6112265832,49.2108793776
515700,42.9215987288,65.529974492,57.9665391194,49.812126263
516600,43.6723280563,65.9666310133,58.1946316286,49.8778370092
517500,44.1324941971,66.1384818977,58.0484534995,50.082998777
518400,44.9997643631,66.3046584949,58.1167491052,49.8937548302
519300,45.3763469541,66.5923214174,58.584351558,50.5184893352
520200,45.7539149265,67.0201777396,58.9032092125,50.863490692
521100,45.7397907569,66.9520263361,59.4220989707,50.9106874708
522000,46.253742289,67.4000999431,59.28939227,51.3473765941
522900,46.5977787077,67.5707039396,59.3982145969,51.3859528811
523800,46.6232879282,67.8555419222,59.7173586759,51.6944047193
524700,46.601892016,67.6625349773,59.2372853753,51.5741763326
525600,46.3888614871,68.4046105067,60.0351900524,51.6771160668
526500,46.1966991618,67.7563663844,59.7262068619,51.6714980192
527400,46.7611846823,68.2834040022,59.7949943689,51.8960667732
528300,46.5231989093,68.3743253032,59.9261978747,51.5368951363
529200,46.88829746,68.0042143812,60.0109996877,51.6811590655
530100,46.5801471371,68.3165775085,60.2183719903,51.9763340785
531000,46.7554993499,67.8164765535,60.1646151096,52.095524361
531900,46.8917862821,68.1839310199,59.8314583035,51.9901629526
532800,46.9575778869,68.2916667094,60.266629726,52.1846551562
533700,47.0094502117,68.0501397798,60.0688139662,51.8558134751
534600,46.7257373626,68.4687284393,60.0571265899,52.1292783569
535500,46.6238037631,68.4904484735,59.8538162124,51.955997321
536400,46.6243425064,68.0611863006,60.2038287051,51.8215304686
537300,46.4478262177,68.3179524591,59.9706620019,51.8055791116
538200,47.2656520978,68.6034876744,60.4563536983,52.3054503333
539100,46.6826841896,68.3455596688,59.9039735512,52.0912680145
540000,46.4673097034,68.1016083523,59.5529381203,51.7135156414
540900,46.3244100832,67.6834980733,59.5901112051,51.3165765339
541800,45.7574634289,67.8422434575,59.7511890504,50.9060087582
542700,44.982030938,67.1459024388,59.5169441566,51.1424357865
543600,44.2864023543,67.1766767526,58.707535096,50.6597480868
544500,43.629975991,66.3520688784,58.7127273972,50.5002247521
545400,42.8864400669,65.954519035,58.2599697827,49.8119534757
546300,41.6608536578,65.046326519,57.2076361673,48.9262349453
547200,40.470545462,64.4921311084,56.946057764,48.9385934808
548100,40.0091543738,64.0995923025,56.7096022781,48.5921729275
549000,38.0365621382,63.3230938769,56.4586523231,48.568498529
549900,38.3361093215,63.4105291802,56.0017287045,47.6571696697
550800,38.2359994887,62.9373050005,55.9245302568,47.6990405806
551700,38.2243558166,62.9010620101,55.7012516468,47.7946355894
552600,38.0916466554,62.771616267,55.6116539822,47.5042091525
553500,37.7825379417,62.2774418139,55.4244614688,46.9800634175
554400,37.5275826017,62.5208484129,55.1192133803,46.8289127469
555300,37.8034286829,62.3073416608,55.1482204811,46.6490133412
556200,37.7279112367,62.1548412998,55.0659915531,46.7290586534
557100,38.174099543,62.5159171188,55.2549099672,47.0761559332
558000,37.7956153538,61.9161543108,55.2158148539,46.4876694948
558900,37.8035761316,62.2185514681,54.7244992643,46.6575215566
559800,38.0477959133,62.5937862777,54.9633906607,46.6086954283
560700,38.0913017882,62.1313622553,55.0036918561,46.976673324
561600,37.4277280449,62.1843183461,54.7892117944,46.3368478258
562500,38.1844657977,62.6181743079,55.1426213979,46.6012696774
563400,38.0457559739,62.6661212254,55.1681077043,46.8130796159
564300,38.2926033029,62.6662661072,55.6369535613,47.277816816
565200,38.0695096832,62.9865888197,55.0659656641,46.9365112603
566100,38.1097771442,62.7333856876,55.2109176832,47.3556272396
567000,38.6362418274,63.1643392594,55.2458143618,47.4707185881
567900,38.5266721371,62.7289929305,55.3237799344,47.4203971495
568800,38.8049235575,62.7121565991,56.1038408812,47.4030503965
569700,38.6330282458,63.253293887,55.6722864025,47.514027296
570600,38.80701398,63.1412426709,56.1255882951,47.482919124
571500,39.0867663379,63.4874452565,56.0417285437,48.2192015153
572400,39.4996822195,63.4580247625,56.2990762098,47.6733176286
573300,39.8247042825,63.591980352,55.9237109099,47.6862339702
574200,39.7703553166,64.1260928015,56.5962589796,48.4552691265
575100,39.5020907246,63.6906369022,56.3291811049,48.2209529863
576000,39.8846346707,63.9404204232,56.3583521534,48.4847611777
576900,39.8542098845,63.9135911988,56.6455941635,48.330525537
577800,39.8328498709,64.0269523645,56.2366929946,48.4008567457
578700,39.5831100364,64.0272888194,56.1111295511,48.2513133032
579600,39.6138407134,63.9095063266,56.138656167,47.9495601461
580500,39.4621959317,63.677968263,56.2531187841,48.24758506
581400,39.5527062354,63.7427309268,56.7276855634,48.1038819242
582300,40.0131031851,64.6281503526,56.878083274,48.5036373477
583200,40.0374577892,64.4302587348,56.9549002234,48.436727671
584100,39.9547460682,64.4661121923,56.6049434525,48.4217933247
585000,39.4275218781,64.2160061495,56.7243801824,48.4716610412
585900,39.7582544173,64.3127802585,57.1771968199,48.7355156265
586800,39.7859079818,64.2378561955,56.9935958037,48.7191221433
587700,40.1211664378,64.4558117771,57.3360235696,48.8351720997
588600,39.8209300573,64.0622494514,57.243141637,48.7343185651
589500,40.3854718487,64.5407023158,57.231552373,49.2836879428
590400,40.0163577106,64.4454449839,57.2052573105,49.0684809629
591300,40.3040698248,64.6808256984,57.1794126306,49.1000099732
592200,40.3067428721,64.4792578175,57.2742386174,48.8874249382
593100,40.2577472766,64.843754296,57.4982136558,49.0529390272
594000,40.8769369009,64.9869780668,57.4032485856,49.2067080126
594900,41.1238464808,64.7989985816,57.8591175488,49.8614048471
595800,40.9238868599,65.4940178494,58.2015877826,49.9845210633
596700,41.1479031568,65.5361768528,58.2935567481,50.0176137648
597600,41.2070182497,65.2424395729,57.9532100146,49.7895408935
598500,41.1011426251,65.5873912051,58.138555488,49.9425288271
599400,40.9715565747,65.4420901151,58.3606041983,49.7952302856
600300,41.9279287537,65.7982134107,58.3766755144,49.9480160307
601200,42.4024910215,66.0720834903,58.5233364164,50.4525414731
602100,43.1735678267,66.2407986804,59.003091661,50.3467824725
603000,43.9357023633,66.4746134329,58.6487787352,50.6184037736
603900,44.5213079285,66.9491483138,58.9249095174,50.5539272662
604800,44.8003189041,67.370311637,59.4197327071,50.9705238265
605700,45.7467452033,67.4110551343,59.5771659108,51.1323677407
606600,46.2475227777,67.5362351175,59.752899708,51.4646605906
607500,46.6439922035,67.3738505072,59.5250940172,51.7192647165
608400,46.6948414223,68.0973227681,60.204100753,52.1504365051
609300,46.8513721982,67.974709358,60.2231123821,51.6877020544
610200,46.7414744914,68.5365243463,60.5419692173,51.6393633605
611100,46.5796913802,68.5651309123,59.9962817547,52.1233201064
612000,47.116131173,68.4184532881,60.7571334957,52.3263919679
612900,47.4574061909,68.8079479868,60.2686512101,52.1446157193
613800,47.2128902635,68.4877076922,60.3979815043,52.2856619784
614700,47.2224917344,68.6755232447,60.6494563845,52.5848721646
615600,47.0476641621,68.4917055446,60.5607700378,52.5675529671
616500,47.0851415458,68.8795247299,61.0169238873,52.6807094728
617400,47.1704683469,68.8465624823,60.7750858869,52.4572301387
618300,47.2561343395,68.823375708,60.4252827983,52.6563835913
619200,47.6968537344,69.0046761654,60.6215640132,52.6980647187
620100,47.5302394677,68.6826399834,60.9749041637,52.5457899196
621000,47.4158096927,68.7306853342,60.9303132415,52.630035205
621900,47.8569186257,68.7294773664,60.5841710385,52.8613352953
622800,46.9393078023,68.8639212796,60.6299910085,52.6746109256
623700,47.0710567944,68.8585871875,60.1482655626,52.6452660386
624600,47.3812177387,68.6096508539,60.7421507072,52.6277397961
625500,46.9535126946,68.5668411938,60.6445070454,52.2429494959
626400,46.9995007729,68.605017514,60.0659344218,52.0934035066
627300,46.9010880027,68.2092057756,59.8086807138,52.1917252117
628200,46.6785405882,68.2427324863,60.0809296857,51.7879456032
629100,46.607450214,67.4829283356,60.0662232547,51.9282438462
630000,45.5692243972,67.4263101475,59.2548526714,50.9104888111
630900,44.2895886333,66.4760956003,59.0952306217,50.6666884692
631800,43.7228436388,66.402205833,58.664540893,50.4640029279
632700,42.2884484292,65.4634280306,57.6028345323,48.9930314596
633600,41.7087864115,64.9780666568,57.1961242356,49.2958316369
634500,40.954319975,64.9353032906,56.8568084434,49.0647285596
635400,40.4932757485,64.1191572376,57.3035547911,48.7650423442
636300,38.9694141896,63.4680926332,56.4125528324,48.0383033441
637200,38.7462594546,63.3852635164,56.3385499222,48.1839631092
638100,38.6163570691,63.3202070115,56.3636726949,47.7120288111
639000,38.1503415737,63.1275754063,56.1051628885,48.0758605743
639900,37.9101431728,62.7828382302,55.4292168147,47.4445153289
640800,37.9101953892,63.1422128715,55.4663269918,46.5634570884
641700,37.8711977036,62.7311508563,55.5097167118,47.0870877003
642600,37.6830176276,62.4388432186,55.086746452,46.9120877298
643500,38.0311945796,62.5772423538,55.4721319908,46.9536310429
644400,37.9749412662,62.3869865542,55.5312898542,46.7551709737
645300,37.8649843286,62.1332163809,55.1508300385,46.6920297965
646200,38.6219393556,62.5962335415,55.5015899754,46.7563969462
647100,38.4231430278,62.4800377495,55.2518063515,46.9100281174
648000,37.411402452,62.1329187899,54.7413421087,46.562332644
648900,38.1006347374,62.5052259176,55.3211898949,46.7009205348
649800,38.0017094616,62.8664024494,55.5044039487,47.2101639566
650700,38.2327760474,63.09573047,55.4836742859,47.2502004928
651600,38.0986087718,62.5160463588,55.1708555004,46.9350468429
652500,38.7090506772,63.0083040151,55.3330975605,47.2734151977
653400,38.2777276835,62.51597607,55.4003877574,47.3124171205
654300,38.5441202377,62.9395680017,55.6848793953,47.2287587277
655200,38.3740235557,63.0872958891,55.5620238361,47.3865933106
656100,38.2724088855,63.379146313,55.9543242466,47.5033466962
657000,38.5664277606,62.9917212503,56.0344699579,47.5586785206
657900,39.0764716034,63.5840821344,56.2991711906,47.7240283999
658800,39.2375753221,63.5441926538,56.2577193111,47.9709706176
659700,39.4233064784,63.4168366789,56.2411961022,47.8036408201
660600,39.8245536008,63.274441601,56.4734637721,48.0530829941
661500,39.369420606,63.6775338094,56.1892102833,48.274750761
662400,39.7669710981,63.6999234173,56.5411627055,47.9511678175
663300,39.9589316906,63.4331761716,56.4139410467,48.3253365845
664200,39.3568386407,63.0312582936,55.9997279577,48.0182519336
665100,39.4422805619,63.6612650694,55.9224218707,48.3759788129
666000,39.3764484983,63.3427075224,56.46387573,47.6854207608
666900,39.5979746124,63.9735340211,56.5953083569,48.2431276027
667800,39.4345543083,63.9981738348,56.4449452054,47.7977937447
668700,39.7117072334,63.6427007512,56.4080238946,48.0752973838
669600,39.81883726,63.6659297903,56.864920931,48.6167287444
670500,39.6101401634,63.6544308566,56.5009467974,48.2178673214
671400,39.405128886,63.8823987238,56.4808906363,48.4777393178
672300,39.1373178065,63.6657609897,56.6877153462,48.0948276748
673200,39.3305313452,63.7359910913,56.3591683596,48.3402937031
674100,39.8493672851,63.6976969186,57.02458179,48.1877755246
675000,39.5110293951,64.0619641309,56.6566523673,48.3872998109
675900,39.5114034827,64.0627769762,56.7831567386,48.8474493776
676800,39.8386876434,64.1049319336,56.9988826569,48.5208843244
677700,40.3701986967,64.6590365326,57.1380943507,48.9154511533
678600,40.1228234719,64.4958983095,56.9774466982,48.9134287962
679500,40.0676682346,64.4116840492,57.3686413417,48.7011120424
680400,39.8716317125,64.0572677053,56.8688277855,48.6539557312
681300,40.4492073066,64.5022479419,57.4335103127,49.149075869
682200,40.4636227087,64.735589306,57.3415550881,49.2060523069
683100,40.650231879,64.8067752544,57.9626032844,49.1949907447
684000,40.8453515471,64.7502737738,57.5860597045,48.9199240552
684900,41.0153892679,65.0316545677,57.276041282,49.4929504693
685800,41.1103980279,65.2150060802,57.6007436148,49.2626511614
686700,41.3964130488,64.9677070116,57.8019473471,49.4215601254
687600,41.8565704494,65.5877372501,57.9427759446,49.8255223321
688500,42.3842657825,65.9537714642,58.2097157489,50.1273748177
689400,43.2643872152,65.8939546072,58.6931678798,50.4225764634
690300,43.659376021,66.6522083578,58.5383213079,49.7939363865
691200,44.1456892657,66.6624370336,58.6719910856,50.5099198098
692100,44.8390004146,66.9321993683,58.9835665217,50.938520745
693000,44.7600324662,67.0401081302,59.4848260486,51.1167372943
693900,45.4459342874,67.3539995031,59.1277044981,51.2400872729
694800,45.793485812,67.4274210265,59.7601499455,51.4463069562
695700,46.343389586,67.7538907605,59.7259949248,51.5143776005
696600,45.7468954231,67.7905238473,59.6800104772,51.4345574776
697500,46.3647025997,67.6015096789,60.1807770981,51.7169261955
698400,46.1427629636,68.1254840205,59.9238746269,52.1810686618
699300,46.1210986261,67.89455104,60.0974130755,51.5899072815
700200,46.429215672,68.1106323703,59.7472978384,51.9899159201
701100,46.2577055468,68.0886008077,60.0188471594,51.8161090119
702000,46.4090159061,67.8219001233,59.9069868076,52.2803305356
702900,46.5747288907,68.3238415757,60.4766923742,52.2178379664
703800,46.4756097203,68.1457583511,60.3601641178,52.0584419744
704700,46.6141845016,68.3577368523,60.2147197748,51.9717566985
705600,46.7571464384,68.5196560175,60.1388851496,51.9161498575
706500,46.569188227,67.9411961212,60.2164647014,51.8863379064
707400,46.3786677747,68.0001549313,59.8697154452,52.0622272508
708300,46.2956846374,68.2057363665,60.3703472351,52.0347463387
709200,46.3697156253,68.2779510278,60.4303910121,51.8900716603
710100,46.6119061005,68.0925881108,60.3425636468,52.5015704676
711000,46.4332134589,68.3250410403,60.1821999639,51.9468322522
711900,46.628279517,68.0715141414,60.092809338,51.844237378
712800,46.5191331262,67.9216059634,60.3406137714,51.5792683565
713700,46.4978215236,67.7208247267,60.0501817733,51.4035530402
714600,46.0551510612,67.4835761222,59.5262374767,51.3150405939
715500,45.6641936178,67.3823924274,59.6148371649,51.0272600621
716400,45.1034543481,67.1958845106,58.9985976792,50.7373492625
717300,44.4329815331,66.2461525978,58.5805076476,50.4940851258
718200,43.4483674492,65.6839357227,57.8807258658,49.3228084613
719100,42.1158792355,65.0646133199,57.3554286632,48.5954543384
720000,41.1342877398,64.2710900532,56.9023096093,48.4044410032
720900,41.0574398013,64.2678223013,56.4419150561,48.4304420165
721800,40.1108145586,63.7836009821,56.4390562519,48.2674704816
722700,38.9525481718,63.4703022952,55.8312872158,48.2892504894
723600,38.1184738619,62.7801629036,55.8982375829,47.5492187863
724500,38.0071059031,62.8208110308,55.3494972915,47.887653589
725400,37.5350258034,62.7675410246,55.9151403458,47.3224656313
726300,38.0355809999,61.9022379675,55.1699152653,46.7954763419
727200,37.3040797564,62.0774569516,55.2362447261,46.7191283673
728100,37.372195416,62.2155737641,54.6488571002,46.8281768004
729000,37.0757243513,61.9728583413,54.5042989903,46.5022587129
729900,36.9203840427,62.112913688,54.914198301,46.7443729124
730800,36.8483767004,61.9472532054,54.6700713164,46.336499068
731700,37.1010671633,61.8294501023,54.6864564414,46.4130415308
732600,37.3860728152,62.0748316745,55.1049137968,46.4844557215
733500,37.4390695434,62.0088879893,54.9960228579,46.756527321
734400,36.987940211,61.2490826883,54.2234170852,46.2112312362
735300,37.4905177695,61.7730374279,54.5758826537,46.5585506279
736200,37.4681655778,62.2177381685,54.8067596991,46.6399623912
737100,37.6874770649,62.6246821152,55.5299997058,47.0044554597
738000,37.6562963028,61.7245811658,54.8383162796,46.7596528508
738900,37.5706459575,62.6262016385,55.2229415843,46.7425265742
739800,37.9770598623,62.8166948154,55.5169325018,47.1212676107
740700,37.8253325516,62.817536157,55.8312986503,47.3832091469
741600,38.2949748448,62.725988391,55.7413067141,47.244027026
742500,38.5146722386,63.2460852176,55.7958997829,47.3700522579
743400,38.863596087,62.9710281842,56.4202010245,47.3444020497
744300,38.8961817881,63.5811875297,55.9118836239,47.629598068
745200,39.0017760833,63.159757393,55.9390938748,47.8809322481
746100,39.0373063459,63.3913054438,56.1757175925,47.7329189469
747000,39.1474599945,63.5897406115,56.3986082311,47.6563995317
747900,38.7941149734,63.209371897,56.0027734622,47.5559177045
748800,39.6395405684,64.0420541403,56.2593646577,48.0708976177
749700,39.8484462677,63.8369733215,56.6790307341,48.1482669464
750600,39.5343165155,64.055517324,56.1844098403,47.9624839468
751500,39.7732792251,63.788589004,56.777339163,48.4167563087
752400,39.8075245689,64.0343087483,56.3813167466,48.3885209662
753300,39.5202999397,63.9074339185,56.7465960395,48.7289602606
754200,39.5286153556,63.7901841116,56.5496877624,48.1166930778
755100,39.8466845426,64.2665087739,56.4932694835,48.1310189632
756000,39.8579840487,64.1824217336,56.7135332511,48.34967225
756900,39.5606336479,64.2146740109,56.7267791035,48.3837788978
757800,39.5128242627,64.0095048163,56.5684120931,48.3778015019
758700,39.7541630905,64.1405656713,57.0627381913,48.5997262612
759600,39.7215590452,64.099896075,56.9430277384,48.5243674539
760500,39.8959850977,64.1226741814,57.051279371,48.8776214824
761400,39.9701033314,64.1781547691,56.7737004117,48.7973941473
762300,39.9419964569,64.4086153321,57.3597648289,49.1598760367
763200,39.6329452816,64.5959242659,56.6855108053,48.7309334821
764100,40.0750652515,64.7075339042,57.2136183107,48.8877703812
765000,39.8834020204,64.842788679,57.1371381937,49.6504095347
765900,39.9887844366,64.1817066095,57.4766575941,49.0903912456
766800,40.1321454998,64.4817583958,57.1280052265,49.2122880015
767700,40.4415474066,65.2536289646,57.8863476615,49.3756884458
768600,41.1732214662,65.1327796423,57.6863609891,49.6969461243
769500,41.0802273127,65.5702017718,58.003630779,49.7081585387
770400,41.0926770172,65.5023272196,57.8511186557,50.030153599
771300,41.2677163725,65.536943322,58.4597399167,50.1248600609
772200,41.2133738516,65.8889460934,58.3316004208,50.4618277251
773100,41.9027368303,66.1286066471,58.5200581892,50.1307097758
774000,41.5123418642,65.737646627,58.7423963781,50.2737394177
774900,42.3475493361,66.4658268692,59.2412007071,50.6212957457
775800,43.1905105759,67.0562632662,59.3141582233,50.9262402487
776700,43.6556963528,67.1920573723,59.2274029761,51.2046537424
777600,44.3865439065,67.1825481161,59.8473045686,51.27326212
778500,44.983701403,67.5321625851,59.8122025606,51.8571557414
779400,45.5016146941,68.0658138829,59.9386558921,51.91697057
780300,46.3594974078,67.8420856563,60.1700319922,52.2139535053
781200,46.7006291337,68.31792465,60.5302151644,52.3928081089
782100,46.8258688895,69.1742016798,60.5400908913,52.8004009765
783000,46.9599021409,69.0128218431,60.4115725883,52.5433163593
783900,46.8639415281,68.2591188266,60.4761266742,52.4936158879
784800,47.4699815232,68.8497370591,61.0678017593,52.5404147062
785700,47.6926521479,68.9528332067,60.6862313577,52.7727350945
786600,47.6661044757,69.1730530268,60.9559898033,52.6977367977
787500,47.4922693396,69.0273579422,61.4997939204,52.8611994658
788400,47.4373193167,68.8671091708,61.3007286711,53.121807033
789300,47.4968580678,69.0796181937,61.1619762996,52.6819843581
790200,47.6070015153,68.8176158819,61.2043479123,52.8572731811
791100,47.3624358479,69.3168467273,61.4239120767,52.7795092982
792000,47.3329824421,68.6263995491,61.1661304161,52.6897377654
792900,47.4490815916,69.4143744641,60.985352286,52.9334322662
793800,47.6431568236,69.3505619235,61.5671381956,52.4736158929
794700,47.3015951052,69.341432006,60.6560876025,52.7610801592
795600,47.6693938087,68.8999520674,60.7096224162,53.0669734589
796500,47.9285830117,69.2214527167,61.0909682871,52.8384627644
797400,47.2535000525,69.4291391969,60.7823217135,52.7006517207
798300,47.4602798759,69.0029866838,60.8228062787,52.1678175564
799200,47.3071942736,68.9490202049,60.8512175101,52.4736005744
800100,47.1102852164,68.3281352234,60.787181492,52.6241460054
801000,46.6985397327,68.3500151056,60.3331493743,52.205933905
801900,46.1809976763,68.1185326375,60.2173588084,51.9063277971
802800,46.0558272566,67.7742882632,59.530085254,51.6450788228
803700,45.2612535666,67.2870628273,59.2541020373,50.9517164432
804600,44.6631608883,66.713792365,58.7616544678,50.3602663859
805500,43.5650984297,65.569179314,57.8419416516,49.6537734345
806400,42.4279403535,65.4703572066,57.8361635989,49.2529136704
807300,42.2686000175,64.8134684722,57.5261107876,49.2376408429
808200,41.0930229794,64.9548567434,57.3274188168,48.8143246386
809100,40.7333899846,64.1833580608,57.3527001263,48.5642507051
810000,39.1863281659,63.7778347518,56.2388927255,48.6735175317
810900,38.4553127587,63.4201054752,56.2077466894,47.6437155069
811800,38.3959418497,62.8492663531,55.9686010543,47.6890369175
812700,38.2823132919,62.8385435137,55.9235842162,47.6602019066
813600,37.6291418007,62.5886384846,55.3698767404,47.0679113508
814500,37.8795199703,62.8725653281,55.8981507817,47.5786523435
815400,37.7441664943,62.4760947227,55.5818404773,47.1551099528
816300,38.1262929972,62.8139427557,55.5957263559,47.3984884909
817200,38.0998088263,62.0959302619,55.6215044727,47.1913433409
818100,37.4709178279,62.4011776341,55.2418258088,46.9896583933
819000,38.217107642,62.8959771891,55.869973694,47.334843644
819900,38.2372823594,62.604613817,55.6443249108,47.4752924799
820800,37.6692703418,62.1933054717,55.4614093071,46.9919891964
821700,38.0494820204,62.8055318409,55.718947736,47.1688301881
822600,38.285766632,62.5178567527,55.497489944,47.3646629588
823500,38.766111397,63.4263681224,55.8465357484,47.9350141499
824400,38.3388756544,63.0200990152,55.7711210118,47.3279079093
825300,38.5607646217,63.500965471,56.1500654798,47.5472530168
826200,38.7049947143,63.604606643,56.1980824218,48.0336292665
827100,39.001857186,63.5730231816,56.0979807352,47.8664906877
828000,39.1743417916,63.5530155304,56.0415471612,47.7636105001
828900,38.962514985,64.1188774146,56.6565130346,48.1162470002
829800,39.4593648111,63.8228267974,56.4646665006,48.0072436232
830700,39.3753958132,63.922107181,56.6444054399,48.0221083244
831600,39.5584612798,63.8960636518,56.8456799713,48.745777409
832500,39.6482847164,64.2056157377,56.8920647024,48.3938102235
833400,39.4396765846,64.4961901513,57.0343440991,48.3657246505
834300,39.8674195914,64.3246852831,57.1284846009,48.6257050315
835200,40.7155476276,64.4383191509,57.216204237,48.9291399863
836100,40.5342906557,64.8943303868,57.38480312,49.1617545763
837000,40.1255959087,64.535203972,57.044165038,48.7726504621
837900,40.3322332521,64.5759651099,57.2702971873,48.8225136437
838800,40.1839636067,64.3084039966,57.1130347752,48.9203847645
839700,40.57584883,64.4989773702,57.2367653825,49.0820811514
840600,40.3256932378,64.4701787266,57.2118711713,48.840024908
841500,40.2757360249,64.7042275309,57.1218433377,48.5026122407
842400,40.5518658999,64.5080170518,57.3678503818,49.3126528959
843300,40.2581905117,64.5818388545,57.0186341427,48.7441330458
844200,39.9118312768,64.688221032,57.0885814936,48.362174115
845100,40.0275633771,64.1836700016,57.0357396636,48.6430775402
846000,40.4502898788,64.2082450401,57.4267179576,48.9368870415
846900,40.4321441546,64.6104819478,57.1157069342,49.351577019
847800,40.2046291647,64.6207088546,56.7324996935,49.0899755716
848700,40.9957177261,65.0254259164,57.7997423743,49.0176427387
849600,40.4578188785,64.8418887696,57.4213801626,49.2899705259
850500,40.5830554901,64.7729504749,57.6942739881,49.4251779827
851400,40.2953033976,65.0110876931,57.1581859432,49.1214723006
852300,40.3580707389,65.2919373355,57.6251462986,49.1440663312
853200,40.197401145,64.8406704392,57.7290687606,49.249702022
854100,40.5821714866,65.0708304183,57.8094832343,49.7112938017
855000,41.1077098153,65.4202210681,57.908478825,49.7590926121
855900,41.0406035895,65.4984858558,58.4648448349,50.0119188887
856800,40.3397736682,65.2509929237,58.1088843123,49.6754370347
857700,41.0919935541,65.6713782135,58.3569216161,50.1060261504
858600,41.388337181,65.5408413531,58.3216779651,50.0205895636
859500,41.169892884,65.5342404622,57.8016501595,50.1702702441
860400,41.2132533277,65.2262315217,58.7613556167,49.8165065966
861300,41.3572080343,65.8897365344,58.8219122087,50.1990724807
862200,42.4438183398,66.3482454964,58.8458779174,50.1836231023
863100,42.8669255335,66.6170676315,59.024719108,50.3028784829
864000,43.4274611474,66.7071433856,59.0585334966,51.0361189691
864900,44.5451520295,67.3288062919,59.3988631394,51.3070861203
865800,44.8468629056,67.2529568001,59.8660613796,51.4710298837
866700,45.2270650929,67.3834173781,59.8480903937,51.0859986977
867600,46.2373505409,68.0700608191,60.5389597554,52.0906748656
868500,46.4689932973,67.9956735993,60.2000120307,52.4194307402
869400,46.282339556,68.0384124523,60.0538859077,51.9535261263
870300,46.6442258447,68.3363449029,60.3703410074,51.9970415253
871200,46.5580380894,68.7492532056,60.4998344597,52.4172198432
872100,47.0277647541,68.3292461768,60.1945876425,52.0503107586
873000,47.1405795579,68.310118759,60.4397029107,52.0769339322
873900,46.5520887104,68.5811351875,60.9218568995,52.3893890856
874800,47.1550592999,68.6591153012,60.611667815,52.768665069
875700,47.2111917608,68.34234467,60.684895762,52.6502851595
876600,46.9662089415,68.7945128176,60.2778050199,52.2694795387
877500,46.8835538662,68.9537461716,60.573939495,52.3962670546
878400,47.323990915,68.8562979157,60.7017477664,52.5938807447
879300,47.9372275398,68.6244751233,61.0247378144,52.8597778412
880200,47.3788611858,69.1305831628,60.6948832846,52.9934581086
881100,47.6721241706,68.9111300728,60.8323845537,52.7426693646
882000,47.2493607389,69.0448137196,60.8616960812,52.9040556772
882900,47.4324577144,69.0561147868,61.0482708617,52.5702143489
883800,48.1646669189,68.7094675552,60.5804178381,51.9205453025
884700,47.3812239182,68.5061124429,60.8553757112,52.2604476198
885600,47.3858025225,68.6481623829,60.6840568002,52.2368014595
886500,47.265202126,68.7345788811,60.5181006643,52.2153216994
887400,46.7541345648,67.936825342,60.1345049382,51.955650759
888300,46.6465078849,68.0509790834,60.089204623,51.8433847823
889200,46.2379747287,67.8428981058,59.3895872426,51.2419487464
890100,45.6856515207,67.1886463371,58.9843673468,51.0286509953
891000,45.1377904394,66.826632999,58.51060631,50.5731610725
891900,44.2513236248,65.8584689435,57.803119117,49.8927711302
892800,43.3174109994,65.3588304754,57.6989627714,49.2376507608
893700,43.0320004373,65.2173979949,57.3995761544,49.1018963818
894600,42.2756903859,65.0409592311,56.9742979171,48.9445978399
895500,41.1469943281,64.3935841149,56.9390349397,48.3339684879
896400,40.537029641,64.2751439067,56.067978649,47.9378902854
897300,39.6686930234,63.8725380379,56.125434849,47.8855320516
898200,38.796511137,63.070598753,56.1614931242,47.4382907868
899100,38.6180512178,62.8618434445,55.9719636828,47.6716688821
900000,38.1646585089,63.0094552911,55.0022397247,47.4874377821
900900,38.6113921321,62.8438180098,55.743331385,47.6197168145
901800,38.1419659286,62.6683742655,55.6240019705,46.9636521209
902700,37.8942750758,62.4103058908,55.3189285013,47.1090622687
903600,37.8502659336,62.8316984367,55.517936542,47.3311499909
904500,38.1880328823,62.2315365073,55.3288691675,47.2131169812
905400,38.3692454204,62.7629188766,55.6874067598,47.2860621862
906300,38.3357275099,62.5466088052,55.7566888413,47.1015176483
907200,38.0171427536,62.5067747833,55.1277470614,46.7023783787
908100,38.3521114308,62.8163739842,55.0455881705,47.5433764539
909000,38.6877353844,62.7442791239,55.2325234296,46.984713731
909900,38.906864445,62.893385053,56.0952378014,47.5868631396
910800,38.5675913423,62.8275544289,55.7206636267,47.4930709613
911700,39.072142362,63.3634593807,56.0837786,47.9186897839
912600,39.2467861063,63.0771303413,55.8581844544,47.4498502111
913500,38.9796034986,63.334740658,55.8110032484,47.6121519015
914400,39.6531579877,63.2823488331,56.260702848,47.9914470274
915300,39.4206501412,63.4315120629,56.3439359371,48.3972860101
916200,39.5368885098,63.4211658401,56.1955264246,47.9956421827
917100,39.3083904708,63.6295226717,56.75416007,48.3988134248
918000,39.6796864588,64.2696523919,56.8092817989,48.3818616683
918900,39.2612183291,63.6599308117,56.4343970153,48.1690954854
919800,40.3874817118,63.9447705852,56.8305460922,48.6108980555
920700,39.7151241021,63.8747997764,56.2722140909,48.0284498498
921600,40.0595703513,64.0166359368,56.7335116391,48.5642849805
922500,40.3157903186,64.6653978489,57.4569571871,49.1424365988
923400,40.208179707,64.6246564373,57.5156582377,48.589789619
924300,40.6497171489,64.3017703443,57.0875962516,48.9328642665
925200,40.5667620092,64.2323766692,56.8368735119,48.788683889
926100,40.4127180179,64.0857819123,57.0995186384,49.1236071056
927000,40.1928767774,64.3229412796,57.0850914202,48.7897098637
927900,40.5303882182,64.4151784392,57.0780203275,49.02432659
928800,40.664075971,64.4662256535,57.0791879001,48.5466381125
929700,40.7815066688,64.5766475275,57.2950309204,48.5813871908
930600,40.1302107187,63.9814499976,56.9793452791,48.2229019553
931500,40.3673502891,64.3885731251,56.8692382147,49.0374241366
932400,40.6250467827,64.3753304926,57.2828806796,48.6638189996
933300,40.5433530377,64.4667552542,57.201454176,48.655073645
934200,40.7937911924,64.357973383,57.4135041642,48.8607257945
935100,40.9479463929,64.9713668556,57.514466119,49.5278453919
936000,41.0047237036,64.7513255294,57.4574632241,49.0755175408
936900,41.204400229,64.731887682,57.7309780545,49.3660127615
937800,40.5377952962,64.8487307925,57.3062752392,49.2838858882
938700,40.7037264374,65.3688722037,57.3738053888,49.2132507163
939600,41.107406395,64.7030114054,57.247338731,49.256332092
940500,41.0364538582,65.1754581417,57.7717198394,49.4381377604
941400,41.4867501292,65.2210063603,58.3567395319,49.4690331776
942300,41.676780226,65.750242303,58.2899628939,50.4684260928
943200,41.6280294298,65.9420429619,58.4857117505,50.1764937737
944100,41.820719268,65.6832226441,58.3199613385,50.119660656
945000,41.9171883634,65.248566285,58.2565608913,50.3060878325
945900,42.0306102839,66.2583483476,58.3141966524,50.4109511351
946800,41.7794700182,65.866219599,58.8233936786,50.3382501321
947700,41.8118706493,65.8875302293,58.9662848892,50.4775737611
948600,42.1402094023,66.0867234426,58.9089708096,50.8133169637
949500,42.9827721863,66.1376465068,59.1088023483,50.6116300432
950400,43.8606096236,66.7849895984,59.1276582211,50.9620570546
951300,44.3868130908,67.0287726802,59.9105069348,51.0117704535
952200,44.8029702429,67.7018296743,59.5807714831,51.5697600893
953100,45.5140325914,67.4449034742,59.8959202169,51.3720175833
954000,45.6452297966,67.8616141688,59.4967723214,51.782258521
954900,46.3399503203,67.7951896195,60.0530962467,51.8512461206
955800,46.8033547362,67.8072933178,60.1061001762,52.2017429616
956700,47.0750439872,67.8636668694,59.9656328738,51.9572581434
957600,47.285261001,68.3156673321,60.6028223814,52.0358062553
958500,46.8137146228,68.1743160768,60.3663186693,52.0718830572
959400,47.0130349181,68.2437897026,60.5817241673,51.9028669869
960300,47.2169782062,68.6404966786,59.9697350546,52.1687385245
961200,47.3173735159,68.1528918321,60.4198740229,52.3909566256
962100,47.5292659587,68.3899770402,60.5843969259,52.5504594008
963000,47.5752467144,68.8319349276,60.8822227032,52.3923000427
963900,47.1695629605,69.2068704332,60.660274528,52.6180930405
964800,47.6515147849,69.0063739406,60.7309182568,52.9238726896
965700,47.5057239846,68.6292540306,60.8249762046,52.5931189561
966600,47.1506739069,68.4413740071,60.2653541416,52.3384522888
967500,47.3677769766,68.6053340421,60.6201442347,52.0736045358
968400,47.0230773655,68.4404693492,60.5714138289,52.395369674
969300,47.1909422272,68.6529257096,60.2852136552,52.1859999143
970200,47.0083403766,68.6886346827,60.0745542018,51.7830339294
971100,47.137394703,68.3820524976,60.1218073988,52.0751343841
972000,47.1926273452,68.2762312893,60.1644173763,51.9386764301
972900,46.6423001839,68.17518311,59.9482516619,51.8180586921
973800,46.6623171908,67.8390185443,59.5815722189,51.5288431242
974700,46.2113297407,67.9256083038,59.0923545679,51.3931046996
975600,45.5476841579,67.0614239211,58.4606736735,50.7137822564
976500,45.4216966048,66.8634813447,58.6713344266,50.2641192509
977400,44.8230050989,66.1311071651,58.1125114351,49.7060786311
978300,43.7295898744,65.6354523609,57.4692252175,48.8373434775
979200,43.5193935625,65.1921667405,56.8391940252,48.9275342407
980100,42.5908368932,64.6274114853,56.5640442785,48.7524622069
981000,41.6166607223,64.4055208213,56.73550992,48.4319629065
981900,41.4791772607,63.9801632778,56.5037147403,47.8377167752
982800,40.5809998374,63.88203042,56.1013722543,47.9727325895
983700,39.5861643138,62.8707039502,55.653012673,47.4930165296
984600,39.2172319816,63.4396525282,55.8469537999,47.5893607624
985500,37.4025084636,62.1787764262,55.3702889477,46.632556893
986400,37.3269033284,61.9926992205,55.0485113988,46.7165622487
987300,37.5374763084,62.4907803311,55.20758679,46.8628355487
988200,37.2410368889,62.3511851033,54.9599477109,46.8549385444
989100,37.3953003243,62.2159003894,55.007308282,46.6005725605
990000,37.5318067006,61.9894505947,55.0277462109,46.5977296435
990900,37.6837347599,62.1013885042,55.0278208765,46.7229804221
991800,37.836638463,62.1576871581,55.1383915534,46.5444119297
992700,37.6531249143,62.7888020825,55.206992897,47.3147385045
993600,37.5177538749,62.4001538272,54.2480674298,46.5366200749
994500,38.0893117938,62.0180708321,55.153643431,46.3755611178
995400,38.3599934863,62.5450761487,55.5515715441,47.1796882709
996300,39.1153628474,62.2774076708,55.5643037796,46.9786309777
997200,38.1821792863,62.2139460796,55.139898397,47.0755335547
998100,38.9280100423,63.4061433894,55.4785026651,47.0808201474
999000,38.5182404545,63.4136128439,55.9154934768,47.0621385916
999900,38.7666025312,63.4139821875,55.8887512556,47.574838948
1000800,38.8759221995,63.0802625298,55.6324072579,47.4102702964
1001700,38.9938199951,62.959021346,56.0465873455,47.4686525019
1002600,39.3882333722,63.0978238589,55.7338930933,47.4834476514
1003500,39.1248343885,63.4423339589,56.0319286955,47.8002685481
1004400,39.1064678541,63.3339634595,56.3201567822,48.234267367
1005300,39.4238182789,63.4351146222,56.4148279744,47.8111789417
1006200,40.0976708738,63.7927795074,56.5219497726,47.9632956613
1007100,39.6705225193,63.8054425049,56.1832404274,48.1454244834
1008000,39.5212642708,63.6731682089,56.3850488927,48.1760776882
1008900,40.0849261773,64.5503505764,56.67604668,48.40461911
1009800,40.060689123,64.0976635912,56.4120875232,48.3862236272
1010700,40.4250626111,64.2057672329,56.6118440656,48.5084822594
1011600,39.8126065148,63.8260956489,56.4241891229,48.3943460954
1012500,40.0742377723,63.9130333392,56.9532231787,48.3892450086
1013400,40.165993545,64.118012985,56.417284841,48.4156773734
1014300,39.6370074666,64.3093429786,56.8657056067,48.7489319569
1015200,40.1849796415,64.3429331386,56.3772263059,48.632954894
1016100,40.042814937,64.6036004251,56.5354525625,48.2905889628
1017000,39.93727111,63.7195397944,56.9805678433,48.1689114952
1017900,39.9739421342,64.1301559153,56.8107241293,48.3913033587
1018800,40.3634103058,64.4500792937,56.8420750003,48.8268833436
1019700,40.3727621691,64.5385211281,57.3639694568,48.7120431072
1020600,39.9705842354,64.7758019011,56.6974712566,48.7235524809
1021500,40.918261834,65.0542486541,57.6425582631,49.3329351226
1022400,40.3043183818,65.046433791,57.5622794265,48.8794918447
1023300,40.9692719282,64.9258539735,57.3566454932,49.2853709569
1024200,40.9036883498,64.935609988,57.5027441507,49.4270756108
1025100,40.7722969934,65.1430323355,57.9126034306,49.1442027962
1026000,40.6653102169,64.6497333051,57.5408859164,49.166797875
1026900,40.9793917668,65.4541270865,58.2674472671,49.7332318909
1027800,41.4068500929,65.6660536861,57.8260359547,49.8968182016
1028700,41.7624692078,65.0646449018,58.165882231,49.8259842954
1029600,41.4559945131,65.329434684,58.4467444234,50.0520580413
1030500,41.7350411665,65.5703561695,58.1116084459,50.2562526487
1031400,41.8350406396,65.6861918808,58.4690097702,50.6908659558
1032300,42.2948983829,65.9337400487,58.4175807972,50.3055502062
1033200,41.8682573585,65.6760075871,58.634161995,50.1725566633
1034100,42.1160418806,66.0816399681,58.7085009858,50.4605167435
1035000,42.2733241411,66.1455311068,59.0589567114,50.4854978444
1035900,42.2771168211,66.3878258332,58.8837711674,50.3838691587
1036800,43.699356368,66.6322513187,59.3422529207,50.9765221022
1037700,43.9453085091,67.4948653306,59.4607274098,51.1900423223
1038600,44.4753456251,67.2506274154,59.4689248782,51.2490233621
1039500,45.3361628524,67.5296817763,59.7493866681,51.5372366548
1040400,45.9124230256,67.6062214816,59.9000992693,51.8089233505
1041300,46.1557998943,67.9890827023,60.1698286903,52.0187147508
1042200,46.6141999564,68.0316029092,59.8008993578,51.3307662813
1043100,46.7645528545,67.9960399612,59.9141114214,51.7275520751
1044000,47.0158121419,68.4332829426,60.2766172886,52.2413535974
1044900,47.1026063003,68.3465072278,60.2448915673,51.9858577295
1045800,47.4314941589,68.7761017856,60.2326919205,52.0792097833
1046700,47.1675850664,68.4589275773,60.4229435022,52.2621716883
1047600,47.3768490096,68.1759753651,60.4586153765,52.0884190602
1048500,47.415749919,68.481391423,60.4723538956,52.1818429458
1049400,47.3638401126,68.4540983601,60.2818682563,52.3287910698
1050300,47.4159099817,68.6657730411,60.2852006816,52.3143379114
1051200,47.5396072297,68.836594964,60.296279404,52.5391193771
1052100,47.7555163954,68.8715649864,60.1783169958,52.1226687223
1053000,47.6927075196,68.8206192657,60.8440335357,52.643633061
1053900,47.7537569276,69.1705858609,60.3314807015,52.5392016141
1054800,47.6536038682,69.0384001156,60.5360928516,52.4573086525
1055700,47.8279727254,68.9145905585,60.7223345302,52.4779311279
1056600,47.4374183551,69.2184412582,60.402406113,52.4957556683
1057500,47.4131560401,69.0550750462,60.7128310583,52.1111300097
1058400,47.9806865982,68.5216748235,60.263797994,52.0372547761
1059300,47.8183226452,68.697672836,60.2646795164,52.2051877147
1060200,47.2299540152,68.2526214735,60.1397477077,51.9673201365
1061100,46.7215505018,68.0720262075,60.1249717159,51.6904571524
1062000,46.3541150494,67.684155776,59.3406365811,51.4580675882
1062900,46.2809273737,67.270749161,58.958949526,50.8196475053
1063800,45.5355897319,67.170074745,59.1563412341,49.9776214635
1064700,45.1251038188,66.1429431234,57.6959838902,49.4041929248
1065600,44.5818179576,66.053055773,57.6783135373,49.4285019035
1066500,44.1760415494,65.6298408459,57.2765734519,49.5066098746
1067400,43.3467122769,65.3150717702,57.1376514109,48.97656894
1068300,42.9344098859,65.1237976376,56.7980341441,48.556264118
1069200,42.3154149871,64.7580533861,57.0208623025,48.8001182772
1070100,41.4827580016,64.368804584,56.4883522853,48.1665347563
1071000,40.7075356609,63.965040336,56.0785058731,48.1395863826
1071900,40.0519261907,63.9103979149,56.0425501084,47.7323362475
1072800,38.8937659675,62.7054951669,55.6321452202,47.427585613
1073700,38.8340322397,63.365497004,55.6862106126,47.6184425078
1074600,38.9186254745,62.8603371811,55.7707058567,47.7631627644
1075500,39.2869198953,63.2440166397,55.6824451987,47.3733248103
1076400,38.764540884,63.0278641808,55.8188028371,47.4212824195
1077300,38.9260887999,63.0229696135,55.9367758541,47.0124158354
1078200,39.250821525,63.0569532953,55.7089281138,47.4957549044
1079100,39.2742260822,62.8783528482,55.6151526843,47.5958803922
1080000,38.6922207095,62.7428027726,55.2403723041,47.2278579087
1080900,39.2277585689,63.0302039799,55.8890100586,47.3456672492
1081800,39.4635861984,63.6645198035,56.0942433055,47.3549748461
1082700,39.7442538378,63.8751803703,56.2931522175,48.0049582157
1083600,39.7325313253,62.9114986377,55.6635850068,47.067592626
1084500,39.7869027554,63.7492282593,55.8807218445,47.5346317858
1085400,40.0853541788,63.375277539,55.9222708266,47.9827164473
1086300,40.0153953269,63.580269257,55.8234430003,47.6034111818
1087200,39.9265809446,63.8970434511,56.3618631101,47.5627158215
1088100,40.3716291423,64.2202072837,56.6436021369,48.3867974014
1089000,40.7957109696,64.3529942911,56.553112179,48.7725147147
1089900,40.6287831024,64.145023711,56.9869986739,48.3322340204
1090800,40.6949204962,64.2953558339,56.8259104802,48.6280713329
1091700,40.9916889266,64.1921889667,56.7702325781,48.4621644513
1092600,40.9556095326,64.8256122003,56.9680579751,49.1276983095
1093500,40.9181882353,64.0087201782,56.7591424176,48.1364707536
1094400,40.9489478675,64.3991689194,56.9239195468,48.98828598
1095300,41.3721316281,64.7454433546,57.2107000271,48.9552136561
1096200,40.9082061841,64.4049003442,56.8897247517,48.8574966256
1097100,41.2315766544,64.8618500467,57.2096221196,48.8720243084
1098000,41.1711584531,64.7018236724,57.1384989991,48.6763570466
1098900,41.4277395323,64.6782355986,57.100126089,48.9386605385
1099800,41.3540535829,64.7417760265,56.9888551644,48.7832273957
1100700,41.6115082912,64.8325932373,57.0705345893,49.1518307897
1101600,41.5892577184,64.5783495137,57.6029737752,49.0847589373
1102500,41.1674479433,64.4187244481,57.1244490662,48.6183540424
1103400,41.0421002274,64.5026889677,56.8194968518,48.6852906964
1104300,41.200783656,64.3101009628,57.065560081,48.5438956036
1105200,41.0905781876,64.6136328598,56.6944879288,48.6800476463
1106100,41.1740037759,65.1385745763,57.4777043088,49.1936954915
1107000,40.9485861194,64.5845776142,57.1916809625,48.805310781
1107900,41.3689545118,65.2091410579,57.8336058988,48.908190089
1108800,41.0020984805,65.0514779538,57.610973909,49.3712157322
1109700,41.6815506696,65.3290742105,57.5233749516,49.4650263841
1110600,41.1853703609,65.4846725798,57.5701432803,49.24566012
1111500,41.6197279245,65.2047585796,57.4474266233,49.4608163797
1112400,41.8428608633,64.9079953638,57.2113461382,49.349110022
1113300,42.2090350978,65.8465073797,58.1416577407,49.910608123
1114200,41.9775546182,65.8689420553,57.7540620876,49.9546866474
1115100,42.5681935327,66.2293043081,58.434909459,50.2800596815
1116000,42.2438314979,65.8644383536,58.4346440944,50.0814272729
1116900,42.1813452889,65.8737316236,58.4164701662,50.0436849756
1117800,42.8882966545,66.1619109871,58.5264517762,50.5589534295
1118700,42.7082451931,66.2946652488,58.4759801108,50.5898555513
1119600,42.7011977504,66.4060257423,58.8852150984,50.6349057138
1120500,43.0469985578,66.7303038687,59.1815745841,51.0463770166
1121400,42.7658111199,66.6552225753,58.7043512148,50.9255546366
1122300,43.2572041201,66.4024262305,59.2668298242,51.0450784631
1123200,43.4939887877,67.0690925464,59.1715240796,51.4406062115
1124100,44.3484696859,67.2240012154,59.6782612379,51.7588138649
1125000,44.8105861371,67.4288747996,59.8770575378,51.6257689926
1125900,45.4584814968,67.81622597,60.3638878932,51.8240507283
1126800,46.0973497017,68.5893739008,60.2602036591,52.1549305307
1127700,46.7216030523,68.4780450856,60.7463651024,52.2675107323
1128600,47.0210270527,68.3562754305,60.382345536,51.922318086
1129500,47.3765818415,68.7807578183,60.5264434679,52.9063888492
1130400,47.7815330581,68.7756751114,60.6908576922,52.4075987338
1131300,47.7370019908,68.9652228335,60.6379504008,52.4925076868
1132200,48.16892886,69.0778702819,60.2640905494,52.3716532709
1133100,48.1105664919,69.049610653,60.8151169253,52.7601922753
1134000,48.1455085313,68.8480030596,60.5805440885,52.4926910194
1134900,48.3839647301,69.0775464873,60.7812829397,52.7079851423
1135800,48.2355022529,68.9763196469,61.382337592,52.4522009437
1136700,48.2690306467,69.1657498168,60.6490156841,52.6703242222
1137600,48.4484361634,69.1710345906,60.6433996103,52.7713063547
1138500,48.2581341736,69.0302163876,61.23402019,52.9232838045
1139400,48.2336443006,69.2698278061,60.5262188612,52.8443139593
1140300,48.3768835559,69.2314622945,60.8206226581,52.7758607065
1141200,48.5931431207,69.2686940105,60.860669495,52.7567157734
1142100,48.4344952531,69.1912651118,60.9965277557,52.4121415883
1143000,48.1592843335,68.8897254062,60.6377334273,52.9777205541
1143900,47.9414343634,68.7251552842,60.2246627776,52.5243787782
1144800,47.8425562027,68.7059994347,60.6519784857,52.5141153327
1145700,48.3310884647,68.6813239482,60.5772885309,52.5669556592
1146600,47.5513847495,68.5656078928,60.3017412943,52.3461871113
1147500,47.3436428308,68.3323582596,60.2649181795,51.772798055
1148400,46.9291345639,68.1186245984,59.4661340179,51.6652616375
1149300,46.7729309778,67.9672777955,59.0827281938,51.3880011637
1150200,45.6841970477,67.2630931624,58.7107149376,50.5329399775
1151100,45.2871421512,66.5740762491,57.831050611,50.3832988473
1152000,45.2441920582,65.9526112921,57.7587139806,49.6350805216
1152900,44.2734464218,65.6148175509,57.5790112286,49.103258118
1153800,44.1974092501,65.8940778749,57.5789039262,49.4488777722
1154700,43.3440453539,65.053447981,56.9888965768,48.4962144347
1155600,42.8724965373,65.0723286674,56.5209357638,48.6433262544
1156500,41.9893755801,64.6773899532,56.580732025,48.6180379485
1157400,41.7540314769,64.6593124721,56.3288043969,48.787103764
1158300,40.4446775212,63.9403124988,56.197489294,47.9664292585
1159200,39.9863645163,63.4889131333,55.6972400211,47.6726625829
1160100,38.3919532265,63.0073267178,55.4864554827,47.3596011191
1161000,38.9301627828,63.2626154231,55.6077085437,47.4983693053
1161900,39.5036714294,63.0448968187,55.5830687862,47.4877932285
1162800,38.7015287073,62.8361210407,55.1402227803,47.3918642208
1163700,38.5756159076,62.8838563464,55.2965206949,47.1585579132
1164600,38.552363056,63.0630189709,55.4562272028,47.3810199462
1165500,38.4762282948,63.4004377353,55.4480624903,47.3001003677
1166400,38.3064254607,62.4784071985,54.9954190678,46.6000278327
1167300,38.7080360285,63.0351490976,55.3608788578,46.8508978853
1168200,39.2773613263,63.4163714268,55.5819063428,47.7990058515
1169100,39.4214428667,63.4312142466,55.7861192307,47.6581127656
1170000,39.3107231418,62.9189999542,55.3483239756,47.491635368
1170900,39.4830677157,63.1748424985,56.0780394866,47.3919888707
1171800,39.5356937239,63.1014847139,56.0419371764,47.7368144779
1172700,39.475571192,63.2942600208,56.0068097423,47.5131553303
1173600,39.6037477579,63.6465655971,55.8911726556,47.9864845705
1174500,39.0365317862,63.5501704685,56.1737904685,47.5595152578
1175400,39.4982633388,63.1313853864,56.2220568393,48.0869847821
1176300,39.9632131741,63.980978749,56.5469538152,47.9921099103
1177200,40.0579451556,63.9419825803,56.6509148092,47.9480492179
1178100,39.3956234855,63.9402518144,56.5789823608,47.919745641
1179000,40.1174749603,64.1618121731,56.6922575948,48.3853243584
1179900,40.0025851494,63.7773490297,56.256747541,48.1165475944
1180800,40.224766831,63.9742149387,56.4643482649,48.5912283312
1181700,40.6750958048,64.5681354207,56.9605976273,48.8031877386
1182600,40.178191938,64.2757110366,57.0394868904,48.4107748139
1183500,40.4550559061,64.2422565,57.2120605714,48.6876079813
1184400,40.8589524066,64.1994686267,57.0983802025,48.8501440202
1185300,41.3315921097,64.4608283294,57.198370486,49.2862330745
1186200,40.9458597312,64.5163552182,57.2071061517,48.6315723596
1187100,40.7093141133,64.6183620089,57.0573600963,49.0142697629
1188000,40.8105052241,64.9659197282,57.2956633224,48.8332123695
1188900,41.1177197358,64.9758592018,57.063485819,49.0120250632
1189800,40.7374252819,64.214646064,57.015201255,48.7601673378
1190700,40.8743002956,64.1655206959,56.9188142903,48.8617304396
1191600,40.6058165853,64.4633853795,56.9393909926,48.9670759313
1192500,40.5684200424,64.5229490245,56.9052793443,48.7109260153
1193400,40.8342401315,64.6256690171,57.1890257945,49.5091681891
1194300,41.0185117928,64.9080074623,57.5118233456,48.8773617185
1195200,40.520544645,64.6208804416,56.8723026822,49.0559897767
1196100,41.4434642109,64.7569942636,57.6618785072,49.4118592418
1197000,41.149011563,65.1074971683,57.3053510411,49.0808090504
1197900,41.1432886224,64.8901610581,57.301648063,49.1147692563
1198800,40.5607203623,64.4853359517,57.4721005762,49.3655518942
1199700,41.5126339996,65.0917375842,57.4632492609,49.4758703088
1200600,41.2324465156,65.3307128685,58.0024700623,49.3780099002
1201500,41.6634762314,65.3847825558,57.8131273531,49.8052316822
1202400,41.4625886987,65.3076432031,57.963569785,49.8027991955
1203300,41.6325562788,65.5169617221,58.1248339515,49.4490512091
1204200,41.6878309736,65.6850019969,58.1962554399,50.0072778137
1205100,42.3637688362,65.713487475,58.0398001093,50.5637909011
1206000,42.2437963391,65.4882719698,58.3807902677,50.0245490428
1206900,42.2451183873,66.2555790367,58.5482676646,50.6551222371
1207800,42.8736421239,66.248770292,58.7102196829,50.4332300573
1208700,42.6365718196,65.9636439561,58.6862756695,50.3237314862
1209600,42.8951922142,66.8099851303,58.9973218778,50.6960399671
